metabolite,metID,pseudoreaction,coeff
dAMP,s_0584,DNA,-0.001224592
dCMP,s_0589,DNA,-0.001136327
dGMP,s_0615,DNA,-0.001284286
dTMP,s_0649,DNA,-0.001191315
DNA,s_3720,DNA,1
AMP,s_0423,RNA,-0.003834184
CMP,s_0526,RNA,-0.003819948
GMP,s_0782,RNA,-0.003832272
UMP,s_1545,RNA,-0.003830029
RNA,s_3719,RNA,1
tRNA(Ala),s_1582,AA,0.1409937
tRNA(Arg),s_1583,AA,0.135446926
tRNA(Asn),s_1585,AA,0.112506496
tRNA(Asp),s_1587,AA,0.131543541
tRNA(Cys),s_1589,AA,0.051317718
tRNA(Gln),s_1590,AA,0.12113362
tRNA(Glu),s_1591,AA,0.130875997
tRNA(Gly),s_1593,AA,0.138017905
tRNA(His),s_1594,AA,0.09789293
tRNA(Ile),s_1596,AA,0.125667016
tRNA(Leu),s_1598,AA,0.139224309
tRNA(Lys),s_1600,AA,0.123163059
tRNA(Met),s_1602,AA,0.096123538
tRNA(Phe),s_1604,AA,0.113407277
tRNA(Pro),s_1606,AA,0.132484535
tRNA(Ser),s_1607,AA,0.138618426
tRNA(Thr),s_1608,AA,0.134117201
tRNA(Trp),s_1610,AA,0.071888235
tRNA(Tyr),s_1612,AA,0.098994778
tRNA(Val),s_1614,AA,0.135940211
Ala-tRNA(Ala),s_0404,AA,-0.1409937
Arg-tRNA(Arg),s_0428,AA,-0.135446926
Asn-tRNA(Asn),s_0430,AA,-0.112506496
Asp-tRNA(Asp),s_0432,AA,-0.131543541
Cys-tRNA(Cys),s_0542,AA,-0.051317718
Gln-tRNA(Gln),s_0747,AA,-0.12113362
Glu-tRNA(Glu),s_0748,AA,-0.130875997
Gly-tRNA(Gly),s_0757,AA,-0.138017905
His-tRNA(His),s_0832,AA,-0.09789293
Ile-tRNA(Ile),s_0847,AA,-0.125667016
Leu-tRNA(Leu),s_1077,AA,-0.139224309
Lys-tRNA(Lys),s_1099,AA,-0.123163059
Met-tRNA(Met),s_1148,AA,-0.096123538
Phe-tRNA(Phe),s_1314,AA,-0.113407277
Pro-tRNA(Pro),s_1379,AA,-0.132484535
Ser-tRNA(Ser),s_1428,AA,-0.138618426
Thr-tRNA(Thr),s_1491,AA,-0.134117201
Trp-tRNA(Trp),s_1527,AA,-0.071888235
Tyr-tRNA(Tyr),s_1533,AA,-0.098994778
Val-tRNA(Val),s_1561,AA,-0.135940211
protein,s_3717,AA,1
phosphatidyl-L-serine backbone,s_3710,backbone,-0.003722264
phosphatidylethanolamine backbone,s_1351,backbone,-0.001134552
1-phosphatidyl-1D-myo-inositol backbone,s_0089,backbone,-0.00094028
phosphatidylcholine backbone,s_1346,backbone,-0.001468701
triglyceride backbone,s_1524,backbone,-0.131436995
ergosterol,s_0666,backbone,-0.011743201
fatty acid backbone,s_0694,backbone,-0.021532217
cardiolipin,s_3738,backbone,-0.00017096
1-monoglyceride backbone,m_0100,backbone,0
diglyceride backbone,s_3733,backbone,-0.008866207
phosphatidylglycerol backbone, s_3737, backbone, 0
lipid backbone,s_3746,backbone,1
C16:0 chain,s_3740,chain,-0.046916845
C18:0 chain,s_3742,chain,-0.010332052
C18:1 chain,s_3743,chain,-0.055087341
C18:2 chain,m_0102,chain,-0.068606302
lipid chain,s_3747,chain,1
glycogen,s_0773,carbohydrate,-0.630861212
mannan,s_1107,carbohydrate,-0.029893119
trehalose,s_1520,carbohydrate,-0.20159874
(1->3)-beta-D-glucan,s_0001,carbohydrate,-0.143941601
(1->6)-beta-D-glucan,s_0004,carbohydrate,-0.143941601
carbohydrate,s_3718,carbohydrate,1
